Incident ID,Issue Title,Issue Description,Date Created,Date Resolved,Engineer Involved,Team Involved,Status,Criticality
1000,Backup Failure,Scheduled backups are failing due to storage issues. Issue detected in Azure Backup on server srv-sec-05.,2025-01-08 10:00:00,2025-01-09 13:00:00,Eve,DevOps,In Progress,P1
1001,Service Downtime,A critical service went down unexpectedly. Affected service: E-commerce Platform running on srv-web-01.,2025-01-18 10:00:00,2025-01-20 09:00:00,David,Networking,In Progress,P3
1002,SSL Certificate Expiry,Expired SSL certificate causing HTTPS connection issues. SSL certificate expired for E-commerce Platform hosted on srv-sec-05.,2025-01-20 20:00:00,2025-01-21 05:00:00,Eve,Security,In Progress,P2
1003,Memory Leak,Application is consuming excessive memory leading to slow performance. Issue traced back to Billing System running on srv-app-03.,2025-01-10 02:00:00,2025-01-11 03:00:00,Jack,Networking,In Progress,P4
1004,Network Latency,Users experiencing slow response times due to network issues. Affected systems include srv-db-02 and srv-sec-05.,2025-01-25 13:00:00,2025-01-28 05:00:00,Hank,Infrastructure,Escalated,P3
1005,High CPU Usage,Server CPU usage spiked above 90% for an extended period. Observed on server srv-app-03 with IP 192.168.1.30.,2025-01-20 01:00:00,2025-01-22 18:00:00,Grace,DevOps,In Progress,P2
1006,Network Latency,Users experiencing slow response times due to network issues. Affected systems include srv-db-02 and srv-backup-04.,2025-01-22 00:00:00,2025-01-23 12:00:00,David,Security,Resolved,P3
1007,Disk Space Full,"Critical server ran out of disk space, causing failures. Server srv-web-01 with IP 192.168.1.20 has reached full disk capacity.",2025-01-19 00:00:00,2025-01-21 12:00:00,David,Security,Escalated,P1
1008,Disk Space Full,"Critical server ran out of disk space, causing failures. Server srv-web-01 with IP 192.168.1.10 has reached full disk capacity.",2025-01-27 06:00:00,2025-01-29 23:00:00,Frank,Support,Escalated,P2
1009,Unauthorized Access Attempt,Security alerts triggered due to repeated login failures. Repeated login failures detected from IP 192.168.1.10 targeting srv-web-01.,2025-01-05 08:00:00,2025-01-07 11:00:00,Bob,Networking,Resolved,P3
1010,High CPU Usage,Server CPU usage spiked above 90% for an extended period. Observed on server srv-sec-05 with IP 192.168.1.10.,2025-01-06 14:00:00,2025-01-07 18:00:00,Ivy,Networking,Resolved,P2
1011,Network Latency,Users experiencing slow response times due to network issues. Affected systems include srv-web-01 and srv-db-02.,2025-01-26 04:00:00,2025-01-27 04:00:00,Charlie,Support,Escalated,P1
1012,Database Connection Failure,App unable to connect to the database intermittently. Affected database: PostgreSQL running on srv-backup-04 with IP 192.168.1.30.,2025-01-10 18:00:00,2025-01-12 15:00:00,Frank,Infrastructure,Resolved,P1
1013,Unauthorized Access Attempt,Security alerts triggered due to repeated login failures. Repeated login failures detected from IP 192.168.1.30 targeting srv-app-03.,2025-01-23 03:00:00,2025-01-23 17:00:00,Jack,Infrastructure,Resolved,P3
1014,Application Crash,Unexpected crashes observed in production environment. Impacted application: HR Portal on server srv-app-03.,2025-01-16 11:00:00,2025-01-17 12:00:00,Hank,Database,Escalated,P2
1015,High CPU Usage,Server CPU usage spiked above 90% for an extended period. Observed on server srv-sec-05 with IP 192.168.1.50.,2025-01-15 23:00:00,2025-01-18 11:00:00,Charlie,DevOps,In Progress,P3
1016,Application Crash,Unexpected crashes observed in production environment. Impacted application: E-commerce Platform on server srv-web-01.,2025-01-23 20:00:00,2025-01-26 16:00:00,Hank,Security,In Progress,P1
1017,High CPU Usage,Server CPU usage spiked above 90% for an extended period. Observed on server srv-backup-04 with IP 192.168.1.30.,2025-01-24 09:00:00,2025-01-27 00:00:00,Jack,Security,Resolved,P2
1018,SSL Certificate Expiry,Expired SSL certificate causing HTTPS connection issues. SSL certificate expired for Billing System hosted on srv-db-02.,2025-01-14 21:00:00,2025-01-15 10:00:00,Bob,Database,Escalated,P3
1019,Memory Leak,Application is consuming excessive memory leading to slow performance. Issue traced back to E-commerce Platform running on srv-db-02.,2025-01-09 22:00:00,2025-01-11 13:00:00,Charlie,Support,Resolved,P3
1020,Service Downtime,A critical service went down unexpectedly. Affected service: HR Portal running on srv-app-03.,2025-01-16 03:00:00,2025-01-17 14:00:00,Hank,Security,Escalated,P4
1021,Memory Leak,Application is consuming excessive memory leading to slow performance. Issue traced back to Inventory Management running on srv-sec-05.,2025-01-22 12:00:00,2025-01-22 22:00:00,Hank,Database,Resolved,P1
1022,Service Downtime,A critical service went down unexpectedly. Affected service: Inventory Management running on srv-web-01.,2025-01-29 10:00:00,2025-01-31 17:00:00,Grace,DevOps,Escalated,P1
1023,Database Connection Failure,App unable to connect to the database intermittently. Affected database: SQL Server running on srv-db-02 with IP 192.168.1.30.,2025-01-20 11:00:00,2025-01-23 10:00:00,Alice,Infrastructure,Resolved,P3
1024,Network Latency,Users experiencing slow response times due to network issues. Affected systems include srv-app-03 and srv-web-01.,2025-01-23 14:00:00,2025-01-25 12:00:00,Charlie,Infrastructure,In Progress,P1
1025,Memory Leak,Application is consuming excessive memory leading to slow performance. Issue traced back to Billing System running on srv-backup-04.,2025-01-11 22:00:00,2025-01-13 22:00:00,Hank,Database,In Progress,P1
1026,Database Connection Failure,App unable to connect to the database intermittently. Affected database: Oracle DB running on srv-backup-04 with IP 192.168.1.30.,2025-01-09 04:00:00,2025-01-10 08:00:00,Alice,Support,Resolved,P2
1027,Unauthorized Access Attempt,Security alerts triggered due to repeated login failures. Repeated login failures detected from IP 192.168.1.50 targeting srv-backup-04.,2025-01-30 02:00:00,2025-02-01 19:00:00,David,Support,In Progress,P3
1028,Application Crash,Unexpected crashes observed in production environment. Impacted application: HR Portal on server srv-sec-05.,2025-01-16 08:00:00,2025-01-16 16:00:00,Grace,Database,In Progress,P4
1029,SSL Certificate Expiry,Expired SSL certificate causing HTTPS connection issues. SSL certificate expired for Inventory Management hosted on srv-web-01.,2025-01-31 21:00:00,2025-02-03 19:00:00,Charlie,Security,In Progress,P2
1030,Database Connection Failure,App unable to connect to the database intermittently. Affected database: SQL Server running on srv-backup-04 with IP 192.168.1.40.,2025-01-08 23:00:00,2025-01-10 23:00:00,Charlie,Support,Resolved,P1
1031,Backup Failure,Scheduled backups are failing due to storage issues. Issue detected in AWS Backup on server srv-backup-04.,2025-01-13 01:00:00,2025-01-13 15:00:00,Charlie,Infrastructure,Resolved,P1
1032,Backup Failure,Scheduled backups are failing due to storage issues. Issue detected in Rubrik on server srv-db-02.,2025-01-31 16:00:00,2025-02-01 08:00:00,Ivy,Support,Resolved,P2
1033,Service Downtime,A critical service went down unexpectedly. Affected service: Inventory Management running on srv-sec-05.,2025-01-20 16:00:00,2025-01-21 18:00:00,Charlie,Networking,Resolved,P2
1034,Disk Space Full,"Critical server ran out of disk space, causing failures. Server srv-db-02 with IP 192.168.1.30 has reached full disk capacity.",2025-01-23 04:00:00,2025-01-23 08:00:00,Charlie,Networking,In Progress,P3
1035,Application Crash,Unexpected crashes observed in production environment. Impacted application: E-commerce Platform on server srv-web-01.,2025-01-09 18:00:00,2025-01-12 17:00:00,Alice,DevOps,In Progress,P3
1036,Application Crash,Unexpected crashes observed in production environment. Impacted application: Inventory Management on server srv-db-02.,2025-01-31 16:00:00,2025-01-31 23:00:00,Bob,Support,In Progress,P4
1037,Database Connection Failure,App unable to connect to the database intermittently. Affected database: Oracle DB running on srv-app-03 with IP 192.168.1.40.,2025-01-09 06:00:00,2025-01-11 13:00:00,Grace,DevOps,Escalated,P3
1038,Network Latency,Users experiencing slow response times due to network issues. Affected systems include srv-sec-05 and srv-sec-05.,2025-01-25 00:00:00,2025-01-27 04:00:00,Grace,Infrastructure,In Progress,P3
1039,Application Crash,Unexpected crashes observed in production environment. Impacted application: E-commerce Platform on server srv-web-01.,2025-01-05 02:00:00,2025-01-07 04:00:00,Eve,Networking,Escalated,P4
1040,High CPU Usage,Server CPU usage spiked above 90% for an extended period. Observed on server srv-db-02 with IP 192.168.1.40.,2025-01-02 20:00:00,2025-01-03 13:00:00,Jack,Networking,Resolved,P3
1041,Memory Leak,Application is consuming excessive memory leading to slow performance. Issue traced back to HR Portal running on srv-backup-04.,2025-01-16 08:00:00,2025-01-18 19:00:00,Alice,DevOps,Escalated,P3
1042,Disk Space Full,"Critical server ran out of disk space, causing failures. Server srv-sec-05 with IP 192.168.1.10 has reached full disk capacity.",2025-01-07 06:00:00,2025-01-07 16:00:00,Jack,DevOps,In Progress,P4
1043,SSL Certificate Expiry,Expired SSL certificate causing HTTPS connection issues. SSL certificate expired for Billing System hosted on srv-db-02.,2025-01-01 01:00:00,2025-01-02 15:00:00,David,Security,In Progress,P1
1044,Network Latency,Users experiencing slow response times due to network issues. Affected systems include srv-web-01 and srv-sec-05.,2025-01-23 14:00:00,2025-01-25 00:00:00,Hank,DevOps,Resolved,P3
1045,Memory Leak,Application is consuming excessive memory leading to slow performance. Issue traced back to CRM System running on srv-backup-04.,2025-01-02 19:00:00,2025-01-04 10:00:00,Alice,Security,In Progress,P2
1046,Network Latency,Users experiencing slow response times due to network issues. Affected systems include srv-db-02 and srv-web-01.,2025-01-01 15:00:00,2025-01-04 05:00:00,Frank,Security,Resolved,P4
1047,SSL Certificate Expiry,Expired SSL certificate causing HTTPS connection issues. SSL certificate expired for Inventory Management hosted on srv-backup-04.,2025-01-02 06:00:00,2025-01-04 15:00:00,Charlie,Networking,Escalated,P4
1048,Disk Space Full,"Critical server ran out of disk space, causing failures. Server srv-sec-05 with IP 192.168.1.10 has reached full disk capacity.",2025-01-15 14:00:00,2025-01-16 09:00:00,Bob,Infrastructure,In Progress,P2
1049,Backup Failure,Scheduled backups are failing due to storage issues. Issue detected in Rubrik on server srv-sec-05.,2025-01-27 01:00:00,2025-01-29 04:00:00,Frank,Networking,Resolved,P2
1050,Memory Leak,Application is consuming excessive memory leading to slow performance. Issue traced back to CRM System running on srv-sec-05.,2025-01-15 11:00:00,2025-01-18 05:00:00,Ivy,Networking,Resolved,P3
1051,Database Connection Failure,App unable to connect to the database intermittently. Affected database: MongoDB running on srv-backup-04 with IP 192.168.1.20.,2025-01-27 18:00:00,2025-01-29 03:00:00,Jack,DevOps,In Progress,P1
1052,Backup Failure,Scheduled backups are failing due to storage issues. Issue detected in AWS Backup on server srv-app-03.,2025-01-25 10:00:00,2025-01-26 00:00:00,Eve,Support,Resolved,P2
1053,High CPU Usage,Server CPU usage spiked above 90% for an extended period. Observed on server srv-backup-04 with IP 192.168.1.40.,2025-01-02 06:00:00,2025-01-02 11:00:00,Eve,Infrastructure,In Progress,P4
1054,Service Downtime,A critical service went down unexpectedly. Affected service: Billing System running on srv-db-02.,2025-01-02 01:00:00,2025-01-02 04:00:00,Eve,Security,Escalated,P4
1055,Backup Failure,Scheduled backups are failing due to storage issues. Issue detected in Azure Backup on server srv-sec-05.,2025-01-03 10:00:00,2025-01-03 13:00:00,Charlie,Infrastructure,Escalated,P1
1056,High CPU Usage,Server CPU usage spiked above 90% for an extended period. Observed on server srv-app-03 with IP 192.168.1.10.,2025-01-02 08:00:00,2025-01-04 06:00:00,Bob,Security,Escalated,P1
1057,Unauthorized Access Attempt,Security alerts triggered due to repeated login failures. Repeated login failures detected from IP 192.168.1.40 targeting srv-backup-04.,2025-01-25 12:00:00,2025-01-28 08:00:00,David,Networking,Resolved,P1
1058,Database Connection Failure,App unable to connect to the database intermittently. Affected database: Oracle DB running on srv-db-02 with IP 192.168.1.20.,2025-01-11 23:00:00,2025-01-12 09:00:00,Charlie,Support,Escalated,P1
1059,SSL Certificate Expiry,Expired SSL certificate causing HTTPS connection issues. SSL certificate expired for E-commerce Platform hosted on srv-db-02.,2025-01-23 22:00:00,2025-01-25 14:00:00,Eve,Support,In Progress,P2
1060,Backup Failure,Scheduled backups are failing due to storage issues. Issue detected in Rubrik on server srv-backup-04.,2025-01-17 03:00:00,2025-01-17 14:00:00,Hank,Database,Resolved,P4
1061,Memory Leak,Application is consuming excessive memory leading to slow performance. Issue traced back to Billing System running on srv-sec-05.,2025-01-17 22:00:00,2025-01-18 15:00:00,Jack,DevOps,Resolved,P4
1062,Unauthorized Access Attempt,Security alerts triggered due to repeated login failures. Repeated login failures detected from IP 192.168.1.50 targeting srv-web-01.,2025-01-28 03:00:00,2025-01-31 02:00:00,David,Networking,Resolved,P3
1063,Disk Space Full,"Critical server ran out of disk space, causing failures. Server srv-app-03 with IP 192.168.1.30 has reached full disk capacity.",2025-01-20 14:00:00,2025-01-23 02:00:00,David,Security,Escalated,P3
1064,Memory Leak,Application is consuming excessive memory leading to slow performance. Issue traced back to HR Portal running on srv-sec-05.,2025-01-08 09:00:00,2025-01-09 00:00:00,Alice,Infrastructure,Escalated,P1
1065,Disk Space Full,"Critical server ran out of disk space, causing failures. Server srv-web-01 with IP 192.168.1.30 has reached full disk capacity.",2025-01-12 18:00:00,2025-01-13 02:00:00,Alice,Infrastructure,Resolved,P2
1066,Memory Leak,Application is consuming excessive memory leading to slow performance. Issue traced back to Billing System running on srv-web-01.,2025-01-21 10:00:00,2025-01-24 02:00:00,Eve,Support,Escalated,P3
1067,Memory Leak,Application is consuming excessive memory leading to slow performance. Issue traced back to HR Portal running on srv-sec-05.,2025-01-04 01:00:00,2025-01-04 12:00:00,Charlie,Support,Escalated,P3
1068,Memory Leak,Application is consuming excessive memory leading to slow performance. Issue traced back to HR Portal running on srv-db-02.,2025-01-29 21:00:00,2025-01-30 00:00:00,David,Support,Resolved,P2
1069,High CPU Usage,Server CPU usage spiked above 90% for an extended period. Observed on server srv-db-02 with IP 192.168.1.40.,2025-01-30 05:00:00,2025-01-30 15:00:00,Alice,Security,Resolved,P1
1070,SSL Certificate Expiry,Expired SSL certificate causing HTTPS connection issues. SSL certificate expired for HR Portal hosted on srv-sec-05.,2025-01-24 19:00:00,2025-01-26 11:00:00,Alice,Support,Resolved,P1
1071,Disk Space Full,"Critical server ran out of disk space, causing failures. Server srv-app-03 with IP 192.168.1.50 has reached full disk capacity.",2025-01-24 21:00:00,2025-01-26 18:00:00,Charlie,Security,Escalated,P1
1072,Backup Failure,Scheduled backups are failing due to storage issues. Issue detected in AWS Backup on server srv-web-01.,2025-01-11 16:00:00,2025-01-13 06:00:00,Grace,Infrastructure,In Progress,P4
1073,Service Downtime,A critical service went down unexpectedly. Affected service: E-commerce Platform running on srv-web-01.,2025-01-14 00:00:00,2025-01-15 22:00:00,Bob,Database,Escalated,P4
1074,SSL Certificate Expiry,Expired SSL certificate causing HTTPS connection issues. SSL certificate expired for Billing System hosted on srv-web-01.,2025-01-19 19:00:00,2025-01-21 01:00:00,David,Security,In Progress,P2
1075,High CPU Usage,Server CPU usage spiked above 90% for an extended period. Observed on server srv-sec-05 with IP 192.168.1.30.,2025-01-13 11:00:00,2025-01-16 10:00:00,Hank,Infrastructure,Escalated,P1
1076,High CPU Usage,Server CPU usage spiked above 90% for an extended period. Observed on server srv-app-03 with IP 192.168.1.30.,2025-01-30 06:00:00,2025-01-30 16:00:00,Grace,Networking,In Progress,P3
1077,Application Crash,Unexpected crashes observed in production environment. Impacted application: Inventory Management on server srv-app-03.,2025-01-18 17:00:00,2025-01-19 03:00:00,Charlie,Networking,In Progress,P2
1078,SSL Certificate Expiry,Expired SSL certificate causing HTTPS connection issues. SSL certificate expired for E-commerce Platform hosted on srv-web-01.,2025-01-04 10:00:00,2025-01-06 17:00:00,Bob,DevOps,Resolved,P4
1079,High CPU Usage,Server CPU usage spiked above 90% for an extended period. Observed on server srv-app-03 with IP 192.168.1.50.,2025-01-28 01:00:00,2025-01-30 12:00:00,Eve,Support,Resolved,P1
1080,Backup Failure,Scheduled backups are failing due to storage issues. Issue detected in Rubrik on server srv-app-03.,2025-01-05 05:00:00,2025-01-07 10:00:00,Bob,Infrastructure,Resolved,P3
1081,Backup Failure,Scheduled backups are failing due to storage issues. Issue detected in Commvault on server srv-sec-05.,2025-01-19 23:00:00,2025-01-22 07:00:00,Jack,Security,Escalated,P2
1082,Memory Leak,Application is consuming excessive memory leading to slow performance. Issue traced back to Billing System running on srv-backup-04.,2025-01-07 09:00:00,2025-01-07 10:00:00,Ivy,Networking,Escalated,P3
1083,High CPU Usage,Server CPU usage spiked above 90% for an extended period. Observed on server srv-sec-05 with IP 192.168.1.10.,2025-01-28 17:00:00,2025-01-28 23:00:00,Jack,DevOps,Escalated,P3
1084,Network Latency,Users experiencing slow response times due to network issues. Affected systems include srv-db-02 and srv-backup-04.,2025-01-13 00:00:00,2025-01-14 05:00:00,Charlie,DevOps,In Progress,P3
1085,Backup Failure,Scheduled backups are failing due to storage issues. Issue detected in AWS Backup on server srv-app-03.,2025-01-16 16:00:00,2025-01-16 23:00:00,Hank,Security,Resolved,P3
1086,Database Connection Failure,App unable to connect to the database intermittently. Affected database: Oracle DB running on srv-sec-05 with IP 192.168.1.20.,2025-01-17 04:00:00,2025-01-19 18:00:00,Alice,Security,Resolved,P4
1087,SSL Certificate Expiry,Expired SSL certificate causing HTTPS connection issues. SSL certificate expired for E-commerce Platform hosted on srv-backup-04.,2025-01-08 05:00:00,2025-01-09 11:00:00,Jack,Infrastructure,Resolved,P1
1088,Service Downtime,A critical service went down unexpectedly. Affected service: Inventory Management running on srv-backup-04.,2025-01-10 19:00:00,2025-01-13 00:00:00,Charlie,Database,Escalated,P4
1089,High CPU Usage,Server CPU usage spiked above 90% for an extended period. Observed on server srv-app-03 with IP 192.168.1.10.,2025-01-16 01:00:00,2025-01-17 21:00:00,Frank,Database,Escalated,P3
1090,Network Latency,Users experiencing slow response times due to network issues. Affected systems include srv-sec-05 and srv-backup-04.,2025-01-03 10:00:00,2025-01-05 20:00:00,Charlie,DevOps,Resolved,P3
1091,Service Downtime,A critical service went down unexpectedly. Affected service: CRM System running on srv-db-02.,2025-01-31 12:00:00,2025-02-02 00:00:00,Frank,Database,Escalated,P2
1092,Database Connection Failure,App unable to connect to the database intermittently. Affected database: SQL Server running on srv-app-03 with IP 192.168.1.50.,2025-01-08 11:00:00,2025-01-10 00:00:00,Hank,DevOps,Escalated,P3
1093,SSL Certificate Expiry,Expired SSL certificate causing HTTPS connection issues. SSL certificate expired for Inventory Management hosted on srv-backup-04.,2025-01-22 02:00:00,2025-01-23 02:00:00,Jack,Infrastructure,Resolved,P4
1094,Network Latency,Users experiencing slow response times due to network issues. Affected systems include srv-db-02 and srv-web-01.,2025-01-31 17:00:00,2025-02-03 15:00:00,Frank,Database,Escalated,P2
1095,Service Downtime,A critical service went down unexpectedly. Affected service: E-commerce Platform running on srv-backup-04.,2025-01-31 13:00:00,2025-02-03 13:00:00,Frank,Networking,Escalated,P1
1096,Disk Space Full,"Critical server ran out of disk space, causing failures. Server srv-backup-04 with IP 192.168.1.50 has reached full disk capacity.",2025-01-26 09:00:00,2025-01-29 06:00:00,Bob,Support,Escalated,P4
1097,Application Crash,Unexpected crashes observed in production environment. Impacted application: E-commerce Platform on server srv-app-03.,2025-01-17 03:00:00,2025-01-19 10:00:00,Hank,Security,Resolved,P4
1098,SSL Certificate Expiry,Expired SSL certificate causing HTTPS connection issues. SSL certificate expired for Billing System hosted on srv-sec-05.,2025-01-16 13:00:00,2025-01-17 01:00:00,Eve,Networking,Escalated,P4
1099,Backup Failure,Scheduled backups are failing due to storage issues. Issue detected in Rubrik on server srv-backup-04.,2025-01-21 08:00:00,2025-01-22 23:00:00,Charlie,Support,In Progress,P4
